ID,Class
atsrDAlNJZBh63Ckbpx9,6
HEsbjuQ2Zoln3XL5WGvN,3
d2xiVKZe4JTgBQSkOntW,4
F6WTdXrgLfco1s2PUlyH,1
6Jdm89ABgOzRfitPVQ3M,8
DpNvYX1qedHLiQnRhF98,7
FhotrfvWBaGEu1sN2zSJ,7
27wyEMFY6QlxGfzpZ3iq,1
9ftj5a4V8hCr3pTAUiGl,7
8zQ4ul6gyLe9xjTZqwEs,8
0KZFcsOYR4MdPJf6VvGS,6
8FOKNb1VGi0hYnc2u4ls,6
LdYVqZXi4EpATxvmBcW8,4
CMlwq0OXr8ygBbNESAIs,8
4UTMdcZkxzLvwygO8EuK,5
FOgyq9S0TIH6hzViMN1B,1
0giIqhw6e4mrHYzKFl8T,8
D4NQLor5zyHsjYCukl0O,9
ijsaQxUhdyZ0ReqYklbG,6
asKPnzUXjShMc0Tl6Wge,5
aRi6UqPbCVQs1gLWmF4e,1
e1oUMvCJ5rNWFnLdPglK,3
gyOPeu8vNMszC1dH9cTm,3
gV6kHaR3DyELvIBhTnmF,2
bzmIweixPWfjVQXhO3r4,4
Hc5LqZVK2yzlsb8BEfdO,5
AK8ZjCh1nXIzygf2s3Tv,6
bGPHZFpAL3N957064wzj,5
JlyfLgRt2pYs1cmZeHXE,6
hb9uKJOr5i82jEymWofH,3
2VvzfnrS4LiIEgCYws1J,8
DRk5zvgt4bPBjoy6l1w2,8
fl4qpgSOjG8109BvVMEH,2
jNUAeECmnsxGJlQrTubv,6
2pwjzv6eGEb8QmHPfxSc,5
iShnob7ANLg4E13UVFcT,3
clQSzZEWDvJG6mNV8HCA,7
Cz3Vx6ERt5LkrXy9BMOK,7
0sH5GdO3LpZwMbPaXjfN,9
cYb4XuNSqOA9IFLHseG1,5
gsQyK4P7YRqarOo0EnS5,1
hcwtORMJqx6kPiQzVjbX,8
5JLHiDhkzyYPdTeuMqXb,4
HqFd1seJ8IURTuwDbW90,6
Fnda3PuqJT6Ep5vjOWCk,5
849LvXpTdqesHuxnwfOG,4
dJVXOqTuk80ZWBleDc2Q,8
DtBPhFYTCJ8lcEp7Ojke,7
hyOk7czQB9E56wtHZ3XP,2
0HKFs3AXTt1IrOl52eVu,8
d9iovbGSauIRnmtK7e6E,3
4QHFOZBpgUjaPAu6fXrC,2
Al6GOBJ2KvPCxo3b7jiN,3
DSZMm8JIrBysVqoNCiRz,9
68QZolTBeOXR9jVxbsp7,9
AqwKhntSpCI56vsH7WZe,2
ivXUldNe7j0Qt4TByrCm,2
ErlsfYCZaD0tuLjSo8GM,4
4KYgbJAoBWLCvP8mQOXU,8
7upD1xywIeOmibLNPSo4,1
eGc1liEILN0hzWaOsnSH,4
GkQctIpwN58dSs4O7UhY,9
HfMdBXIbuSaZxGT5W4h1,8
6B17gNAqEZiQyvt8FDP3,9
7CAzl4vfXB9jtU5eaSPV,1
0yn4gphuOYlPsCz5JGFM,9
CnBE8f9tH12lyUeQVR74,3
cIojVJGQOtrL0S1ApeDY,5
A6TX0OzcSq9BWrDfylNQ,1
JsNlyIfVSCr94oA07Wxw,8
2RsBPMStVQNc7x3kgYde,1
gYZueKo9wDtQ4FRbB2lf,9
BptGe4VriOWLUXmwoN81,1
GTJNch5iVIrx3kA74uwb,6
epLciPaHrTu1gl4CW7Uf,5
FftMq5zTYhDgRyxv3wBC,1
f1oeHaTRizBkKXEnLGcF,1
4SyfKNtskEM1juUnXZv2,9
5tMCNKDogQ2x7zwUbpcZ,5
F6nOrb9ipd0SskWuJjUw,5
94dA6U1Diuc0rQxlyveO,1
IUXGYzWQ9pNLqDgukfSd,1
c9oKfzyRb23v8ZtJaAGE,9
ekRZWI15vJCVP3iBYjld,4
dFjMQn7q1K8Z6ziwG0TP,9
hwekzyp1YmGI3joFdLaP,8
3zZpqyclD9B2v5Qas18m,5
2r45O3Hczp6togVfAJBI,3
KcfgCTNF3aMdqJ0jyWSG,6
7dk9aUmW0HlvsbtNSFuZ,2
AqyaxRL5DeZEYM2Tomj3,2
jfoOKUzAhdHWvuLeJxCN,6
i8WIr0dtVHSGMmwFlcUY,5
6tV2UrOqmFoGua380Rhd,4
5KESjOTGuqF2or1sxB7H,7
7OZ8auLijd26EwXcIGHo,4
cMdF9wsSLT2eKh7zxliB,8
IsvGOaEpYKnrlqAbkRZz,9
adQni6wWvTPIkf0xsZy7,7
idjesBrKybwkzPXMalUL,5
D3P5wso2J0hYbKRIWaCL,6
95joqyVh0gaeEIbrv1BA,9
a3UjzHb2mkQxnJdtZsRV,6
5tQ4OCNKrDpPhWB7ngou,4
cb31JMkpPTLmiIzvYjh4,1
DwEQhKioybXvg8lrjpRe,1
AHeigWkoIT8EqX3SmJcB,1
gRBocU81iGy75lemTdsa,4
9MKSaiLY4AtGDZfvRQ1E,4
fyPGVdkrRq4mWwIogJea,8
DEyOUKzN2g8suv96eYoC,5
baoYfR8qZlcnAQ3dH6t5,2
9cTL3ogMZzDpXuvswOCh,8
j2pzLZUsYTlKG7bVf9Fk,4
50tF9JeP6UYcOrkmyMvs,3
7D92cJaF5QIdpA1OEhSt,4
h3EdyntkIm9wi0B7GH8g,1
cyTsg9fViFZ8uLjUXGSv,2
2EgZDWKnJV3Gz4TkIiYU,3
CRrAOvzk452LVZIGMWsq,5
7AlOZ45a9VQ63HKDyU0z,9
Dj3FqX9IAHco2tG1UOZS,5
hrguW0CqMt2mJdfvX8IB,5
9LuFTOtpGNqkoXnbr7MC,6
cw9MqhojugmlnC0iY386,4
78LEYtRhNmAP9Oogdv2Q,1
dAyK3ko0fD15PhLSsxc8,3
B6dzEY3kKIn8me9McfGg,5
gQUkyb9unAj1ltqeFHhI,1
aAPj7tsm9RKdiQc0BnM3,9
iNqCDB2ehnPTloQJyWbU,1
JgBfH0iAzTC5L2jIcnmb,8
5pJfOSNowh4sXkYBmKPQ,3
6ByMewHIzS0LpsWdXZU1,1
Ap1Lj5JHUiDVIoSWFq73,8
kghNvYueUqRoQsbSZ89M,2
Gn3Mf8X7jsWUyDYOIRLp,2
br3oAnTeGyDp97XkzCOS,6
BEDxazQfwP7s615Vdvpi,7
c6ZsLyHfl2kpbSd8vTCB,2
1IpWLz6eyhVxDAfQMKEd,5
ki3Fo5dh6yWAqOCBrEXP,6
2nr0GTSxN4zKobZqwpy6,6
gdjL7Gu2qxoX3OHrSkWQ,7
75xUGovrLMWa4tI0XJNV,3
ItHfy5k2V6T9MNLs83ae,9
jYq1SsZ6hHofN8UdMIy0,6
2ZI9SdMvc7WAXK03nPyu,9
ebcREpnCkZU65oBVHTj7,8
JmkbRz8HhX1pxuCvUoyj,7
gIhON4ojsvuxBfyJ3AMP,8
5GSAcsthaC7EBgOUrzv3,8
0I4ZVvngsAatm8fzD3pk,1
FdiEeV3N8WtUSXjmcrxo,5
b59dlNEacoYUAyeR4Ipq,5
edZcFpiJ7kt9bPKqL6Al,6
dLU5WbCiGERMHjS20spY,1
hZiVAw5nREjHU1qodatK,5
FsirpP0oDwXeAzC2KndG,5
Aag8xz4w7b03jD6mG1Yh,6
GAHqOv5KajTcR648pnbw,3
chAu06VgWqvZ3LOoaEep,6
D9spv8YxayThAzd1GbWn,1
eDEd50XhAoyv8CHpnO2R,2
LivEmF2ytpsDexIVWuYR,4
IYXhFeyzUjrs6RNZcWAd,2
Atpz1WjXkcIo7l5TPh9Y,4
1FAxSngsym35phwROGl0,7
ei0C84XpoqcAS6v5ZExI,5
ErbRWGIYgktQ1mf5Hw2u,4
hZ9FgpT4IDNx2mEi61r7,7
exlXR3No8750FkhOSdAD,3
e2r6IncxE1LQOKFGgphj,5
alEOGLX5tBWIAMk2qTcY,3
iLBzkjmPncOKs7f4FDv3,7
c1SrgTA3MYaeKktWwOiF,7
bDAz9oPIQfZSXEYtjNCV,9
FQzrcxDH57n4XYwUltvb,1
75DeYlyFgVjhbZ8vSTRI,3
G68a2QiCMsvf9JUWdlND,7
40KRbGeQZ8PwcUgt5joa,5
dexOVwSPEDv4AYR8f3bI,9
HzGMQNh0jB814iA5DbYI,7
EoLuvjUwHXh2saIBzQb0,2
1yC7BzWHgtI2FibhQ0km,4
iBIGzWL1AFKxqUrjo0Sg,3
4sY5wVHK1fL7Poim8cJF,2
1YAFzJjOeKUCc7pubM9q,9
3bapyeGYC5Zot4Sm1NOd,1
AGmSytfUCDr7JBdjT0in,6
jKOP7rSszpF6dhNHQfua,7
7cx4QdBWg9wMa2pvOLuo,7
EMo7F2Xe8pgWKZfwhHuV,9
CJR6XzFHGUfeDMsh8xQk,4
6gHQkuhNCliso84zvqMG,7
BJn0weTz6MkXWDuHojcs,2
JeR146WPmlVnxKvQAESb,4
EB0d2fJGLHam1tQCUDWu,5
fyH8oWql4rg7tEJSLpIB,5
ANPyxi13XKGvsF5zlQqW,7
64SxkBKApurs93Qv5oce,8
7Y5Egr0XjO8UIvNFA16L,8
ireBgWXwZGyvjU9aR7P6,4
AGzOvc4dUfw1B8nDmY2X,1
gDsZ7RCYM6vW0VT9ENzl,7
gT1hoOydKQN9bPLF7nef,3
6d0uJ9rYK1FcjRimvVNt,4
7PpZMfi3L0TNnxFKvuVj,1
E1ALI9eYXgG2Nk0HOoby,1
Iyjk3mOQfLnRTSqzdCJ1,7
7uqOdRfD2MNowsIh3xUX,6
cxQKF7NWYzsHOX1R5E8B,8
dBGtYCewZ8IpWsUmyNQV,7
4c3h7j0QyqIgnKFzA5vR,7
9nvIAP8UiY2GxMe5ptSJ,1
FDHjobQnCUSs6atXldJL,7
jdUNHTV5DrnJSZqW2MPp,8
iDRvFW2NMeUKrPh5m34V,3
HFQTfjJp98VMhYeBrkmd,4
7cyYPthi5KmvXEs2NkRj,5
cgASXYyjTORWDEGnlZV3,2
Ju4nWgOCHXBlyZmTo51e,4
eMZYXFS0jiHTV5y742UC,2
iBT1K8E62rpmG73jN9VS,1
iUbaSXxgBdTnsP8HplMO,3
bj1D4GtRqlJwX9ypBE2g,9
B0vrgthbJyqlNks3UXIx,6
CSkITPbvqspWu68laVJn,1
K4IXeqoLWvYJwg8thdrx,4
dV8TQtBk3AK6nFq4zihw,3
I2W3i5wHhq9UpyFVRgzE,3
ghtBsXwAKYrkLy76bPR9,2
E5SkPYDzxpyMwtXTWZ8a,2
6F3Dj4qM15tKvNTEoQlP,3
2aHfrLhcPTj5GnFZXUCN,5
cqLK6moeuhJl1MIPv4R3,2
4oxZLuH3TFAbSRtje0wy,2
jOZMUJF5waGhqLQbWsYz,4
aVM29RPh63DTcnOreZwL,8
4jKA1GUDv6TMNpPuIxER,8
hbT9ltVRQjau5nNFYpHM,2
1LE6uK9BdgNXIcSTnrMJ,1
bUBIJjfCntiQRvzh416F,1
JlYNWgvo2LCkQRV8d74u,9
0dhL8Jvcswa7U1qHiDS5,9
k5wXQtLF1RumvGs8fSZc,6
InKeBl2Tt1Oy0qaLWXRg,7
1PQFYMSBLAO9TmKk2Zhj,4
jERVLnaTwhHFrZbvNfCy,4
5aqZV2vfkm63IeXYPlWg,4
bDHk4ziTdugcp7jAZlE5,9
jhgdqC2e1Z4inImTQKvY,7
gCsQ8mXFHB36S5Ltrhpw,9
6mKG5UgpFBOYCdR3Wz8J,3
Dc9mlVIqbHf03CX8gP7s,2
A8oC4SXBj0lrW2Jw6n9h,3
3m8kb5ILPrHcMC1o9Nht,5
1h7nkscUw5lDurHXPE20,6
5LFWPi9qzEb6fhyVSYaw,9
catrJpdjF4qNw2UePAQL,2
KOsC9hgvbu7QEk085FZp,7
E3byOtrSIqhfnYPQmLkl,6
CZERL3GtjlXBSK2QidO6,4
1aDvVlWtPApk6EuKLdCG,6
51qVyQZvcFaz89onAOBS,6
704DS8ZCuOtUahTQ1EYx,6
jvySFY0Moq4iC2EuU1HJ,3
1JPWLhrtsalBVpyGSKw5,7
bxj8HFNn0cCiAW7GOgzh,3
F1nhXPej7m8KOUtGTVRk,7
5gl4sqLftFB2KVNvGrJZ,2
I1kgetcxWaBhLoMJ8sZp,3
35rbwhMGTxqAWjuFt20m,2
G2pLR7TatM5XKCbWoh3O,8
63lPuMWerDURdtXQEo5K,6
8a39lGQmftE0MngbKCqu,8
BKXtxeYlLsprabEWIQhn,5
3aUTHQpJqC8czb1yohmA,1
CBZdlHELuV4rTPSb0sNM,2
iOJebqWZLA7lXSktgc2N,3
iYEh1qlTSkCorw8bUnt7,8
du6hbLIPwW2aGYZkNRQV,7
ieI35JrWTM0KhHE1glbG,2
4kuxDJlwWHMi5KX3SVQq,6
dwBCl7xMSWvqFiZcJ1am,9
4L1CmOTeP97DlJRjf6BA,6
gFNGYSsVAOx58JEI0laR,8
bnTwRQSvo3CLKsgGaI45,9
friQmXP9g6D5AvOasLUT,9
fnHDty72dWwjkXgYqUPA,4
I9zqNg8Bj7RECDreiUX4,7
FtBHiVSc1PAaxelsC7yg,4
jGqYz9DaFMOWUlSwJBge,9
9PjuhOrlRqxHeQcEBYMX,3
Dn4rZAFdVq6gHktTziEC,7
46FsZxPzIVu87hy95CkB,3
dKcE7Q1zuFViSaDRUtxY,5
AiaszSGJFhg0wbtyR8Op,4
gB105vrJPbcGCtuj7p4a,5
CcwQrZSGsdo8RaKemnUF,1
iXgHCQ6bTzvFPout92dn,2
9XRnlJD64Wzy3gNUhkMC,7
8QRIkDJS4bgy2nEvMhfa,2
H6WRxDPro0tUmKV3pnOS,6
CGtMcxADYKyHhnTrebkz,6
jKs2xGwT7nCOQ5hYraFU,9
HNaWLdV5YIytUe0pFXCA,9
iwNno6KJ07lyFBVgfebE,3
k0cYVqDT8h9yQH2ZGpSs,2
fbvWPV2U0xQ3TpqohAFy,4
hnNb723ujRBlLTp05r94,8
4KhBDXeMgWo3OfRsyGj5,9
ibDT9XVyqJNrcztvEHgF,7
dW7PwfxAsy8HLFn3NXtB,9
81LeDy7sJGfSQHFAh0cp,2
faOmpIAWF9ZURkYqg8vr,6
27V4S1ncC3fj0gitGuDI,6
b7fZK24zqGU9F3heMOdt,1
e7qzcHbnpMG4DUiWP9mK,3
IncSU1t5HBKZW9j476pX,9
0qjuDC7Rhx9rHkLlItAp,5
CvdWjIn9A4GkBbp1HF6T,4
CuBjq74ozndLGMe9aJsm,2
7YrZK0PHmtnEOMfbCdNG,3
EuFex6OU2o43KqQYrz5c,1
C6OEvgQ2n5F93Tjhoemt,6
k3lUV2ChNYupKI8vZxme,7
ghvVNmusq9JQicTP5kHD,2
GRXZaphsokTrql4u2xMd,9
byp4AhFJdw5z703jLIZO,9
4MvTXueNz2rS08iER1BO,3
B1RqJe6Mmwjnls7K4aUI,9
GSoMecQhOTdXZy7D1Cjg,3
1KB3Z7gd5aN4Xmx8W0sf,5
62rHUwVZ78GqfF5x1vnd,4
FRTmvrEKAXNotPaWdqn4,2
8GoaOMPuBA3slq2J4TEd,7
8db5LXcqCo9SJBVxQ1g0,8
d23SxiTo1GahFwm4tKQz,9
elrTVLuNkdYoPWhxUAIS,2
GkMBlvTidr5oyYOVJCwc,5
ivrudVW0BGmSOlbqH6MY,7
emUFPnYtVzvkxo42iQqE,3
asK0HpjZeJCPf6kXDbzx,3
AlNimKRVGWnbq7X64jfs,4
5XhR0G3LryZSY7qtCvaz,8
GbTUXFYkMoafQSe1zN94,5
d9aX84kmhqvL1eANnciJ,8
ajpIxyzuMmAlJ9cw2HTY,7
G3sXTkHj07CSAKW84LQb,2
AKWdwnF1IHTGZujOki2N,8
8wm2jYBqV30okUMfuDCd,5
8HEiC2mz6tVxPqD4QhlG,6
I8CpwJOgDijPzEKxQ6UW,1
AeCXyFRcU2SsgvVTpMzi,5
Cg8vhSQsrO2Nw6tWAUji,6
dTPeEC5gShQ1YVcI94N0,8
aXjOfx0UdRzWcvLu2rhN,1
buBXk0VawKfpYLytPxFj,4
gelhQLoiRE0HZTOI2fYv,7
e65UwgD2OfTtXkA8GluM,2
8G30bR6M9dmVXziN1Fxs,4
5MduI1Bv3KD0ZkHtm4ol,8
FoD16RIxbOn70KasSQmC,3
5dqHfU3MVR9FclYGXNnm,8
9PcpS0d47xHb5aeCVUsQ,6
5ceItS0Y1RjbXrhC9Zdg,8
ht0Lp1XYaVveSyInJx97,3
cBZySt4C8Pr6fgNWLezh,1
drTJEXDQkP82ueAgIitZ,4
4lFcSekUOy0MsrNxt6wH,9
I2Rtqw5TSvPfYjFkXGKr,8
dr5FIgB8cMHx6WETnmOe,8
b20QTKHoPdVzXRsZFG8C,9
2qAtoGOuMQZdmH3y7bEY,5
KBV7bhMZ0tNApmdnyYqF,2
7KqfVlEBOmr6tTQewNG8,7
2g9xU7Md0IsoLb5f4QPR,6
